DateTime,Reading
2012-05-22 19:00:01,31.833
2012-05-22 19:02:01,31.708
2012-05-22 19:04:01,31.272
2012-05-22 19:06:01,30.648
2012-05-22 19:08:01,29.899
2012-05-22 19:10:01,29.213
2012-05-22 19:12:01,28.463
2012-05-22 19:14:01,27.776
2012-05-22 19:16:01,27.089
2012-05-22 19:18:01,26.527
2012-05-22 19:20:01,26.527
2012-05-22 19:22:01,26.902
2012-05-22 19:24:01,27.714
2012-05-22 19:26:01,28.401
2012-05-22 19:28:01,29.025
2012-05-22 19:30:01,29.4
2012-05-22 19:32:01,29.962
2012-05-22 19:34:01,30.523
2012-05-22 19:36:01,31.022
2012-05-22 19:38:01,31.397
2012-05-22 19:40:01,31.708
2012-05-22 19:42:01,31.771
2012-05-22 19:44:01,31.771
2012-05-22 19:46:01,31.896
2012-05-22 19:48:01,32.083
2012-05-22 19:50:01,32.27
2012-05-22 19:52:01,32.27
2012-05-22 19:54:01,31.771
2012-05-22 19:56:01,30.96
2012-05-22 19:58:01,30.024
2012-05-22 20:00:01,29.088
2012-05-22 20:02:01,28.588
2012-05-22 20:04:01,28.713
2012-05-22 20:06:01,29.213
2012-05-22 20:08:01,29.712
2012-05-22 20:10:01,30.149
2012-05-22 20:12:01,30.523
2012-05-22 20:14:01,30.835
2012-05-23 05:02:01,13.694
2012-05-23 05:04:01,13.694
2012-05-23 05:06:01,13.694
2012-05-23 05:08:01,13.631
2012-05-23 05:10:01,13.631
2012-05-23 05:12:01,13.819
2012-05-23 05:14:01,14.509
2012-05-23 05:16:01,15.638
2012-05-23 05:18:01,17.392
2012-05-23 05:20:01,19.084
2012-05-23 05:22:01,19.334
2012-05-23 05:24:01,19.522
2012-05-23 05:26:01,19.71
2012-05-23 05:28:01,20.148
2012-05-23 05:30:01,21.024
2012-05-23 05:32:01,22.714
2012-05-23 05:34:01,23.777
2012-05-23 05:36:01,24.527
2012-05-23 05:38:01,25.84
2012-05-23 05:40:01,26.215
2012-05-23 05:42:01,27.214
2012-05-23 05:44:01,27.589
2012-05-23 05:46:01,28.338
2012-05-23 05:48:01,30.024
2012-05-23 05:50:01,30.586
2012-05-23 05:52:01,30.648
2012-05-23 05:54:01,31.771
2012-05-23 05:56:01,33.018
2012-05-23 05:58:01,33.766
2012-05-23 06:00:01,34.14
2012-05-23 06:02:01,33.704
2012-05-23 06:04:01,32.457
2012-05-23 06:06:01,31.708
2012-05-23 06:08:01,31.459
2012-05-23 06:10:01,31.646
2012-05-23 06:12:01,31.896
2012-05-23 06:14:01,31.896
2012-05-23 06:16:01,32.02
2012-05-23 06:18:01,32.083
2012-05-23 06:20:01,31.771
2012-05-23 06:22:01,31.771
2012-05-23 06:24:01,31.708
2012-05-23 06:26:01,31.521
2012-05-23 06:28:01,31.459
2012-05-23 06:30:01,31.521
2012-05-23 06:32:01,31.521
2012-05-23 06:34:01,31.459
2012-05-23 06:36:01,31.459
2012-05-23 06:38:01,31.459
2012-05-23 06:40:01,31.022
2012-05-23 06:42:01,29.899
2012-05-23 06:44:01,29.774
2012-05-23 06:46:01,30.024
2012-05-23 06:48:01,29.837
2012-05-23 06:50:01,29.837
2012-05-23 06:52:01,29.837
2012-05-23 06:54:01,30.461
2012-05-23 06:56:01,30.96
2012-05-23 06:58:01,31.334
2012-05-23 07:00:01,31.584
2012-05-23 07:02:01,31.771
2012-05-23 07:04:01,31.584
2012-05-23 07:06:01,31.022
2012-05-23 07:08:01,30.898
2012-05-23 07:10:01,31.022
2012-05-23 07:12:01,31.022
2012-05-23 07:14:01,31.085
2012-05-23 07:16:01,31.397
2012-05-23 07:18:01,31.459
2012-05-23 07:20:01,31.334
2012-05-23 07:22:01,31.272
2012-05-23 07:24:01,31.209
2012-05-23 07:26:01,31.022
2012-05-23 07:28:01,30.835
2012-05-23 07:30:01,30.71
2012-05-23 07:32:01,30.773
2012-05-23 07:34:01,34.327
2012-05-23 07:36:01,32.893
2012-05-23 07:38:01,32.207
2012-05-23 07:40:01,31.896
2012-05-23 07:42:01,31.833
2012-05-23 07:44:01,32.207
2012-05-23 07:46:01,33.891
2012-05-23 07:48:01,33.579
2012-05-23 07:50:01,35.013
2012-05-23 07:52:01,33.205
2012-05-23 07:54:01,32.644
2012-05-23 07:56:01,30.274
2012-05-23 07:58:01,29.962
2012-05-23 08:00:01,29.649
2012-05-23 08:02:01,29.15
2012-05-23 08:04:01,28.963
2012-05-23 08:06:01,28.713
2012-05-23 08:08:01,28.9
2012-05-23 08:10:01,28.9
2012-05-23 08:12:01,28.838
2012-05-23 08:14:01,28.776
2012-05-23 08:16:01,28.776
2012-05-23 08:18:01,28.401
2012-05-23 08:20:01,27.402
2012-05-23 08:22:01,26.527
2012-05-23 08:24:01,25.777
2012-05-23 08:26:01,27.339
2012-05-23 08:28:01,27.652
2012-05-23 08:30:01,27.839
2012-05-23 08:32:01,28.151
2012-05-23 08:34:01,28.588
2012-05-23 08:36:01,28.838
2012-05-23 08:38:01,28.963
2012-05-23 08:40:01,29.15
2012-05-23 08:42:01,28.651
2012-05-23 08:44:01,29.025
2012-05-23 08:46:01,28.963
2012-05-23 08:48:01,28.463
2012-05-23 08:50:01,27.776
2012-05-23 08:52:01,27.339
2012-05-23 08:54:01,27.776
2012-05-23 08:56:01,28.526
2012-05-23 08:58:01,29.587
2012-05-23 09:00:01,30.586
2012-05-23 09:02:01,31.459
2012-05-23 09:04:01,31.085
2012-05-23 09:06:01,31.334
2012-05-23 09:08:01,31.958
2012-05-23 09:10:01,32.644
2012-05-23 09:12:01,32.706
2012-05-23 09:14:01,33.08
2012-05-23 09:16:01,33.018
2012-05-23 09:18:01,32.395
2012-05-23 09:20:01,32.083
2012-05-23 09:22:01,32.02
2012-05-23 09:24:01,31.958
2012-05-23 09:26:01,31.958
2012-05-23 09:28:01,32.207
2012-05-23 09:30:01,32.145
2012-05-23 09:32:01,31.646
2012-05-23 09:34:01,31.209
2012-05-23 09:36:01,31.085
2012-05-23 09:38:01,31.459
2012-05-23 09:40:01,32.145
2012-05-23 09:42:01,32.706
2012-05-23 09:44:01,32.706
2012-05-23 09:46:01,32.831
2012-05-23 09:48:01,33.267
2012-05-23 09:50:01,33.579
2012-05-23 09:52:01,33.455
2012-05-23 09:54:01,33.205
2012-05-23 09:56:01,32.644
2012-05-23 09:58:01,32.519
2012-05-23 10:00:01,32.457
2012-05-23 10:02:01,32.395
2012-05-23 10:04:01,32.519
2012-05-23 10:06:01,32.644
2012-05-23 10:08:01,32.145
2012-05-23 10:10:01,31.584
2012-05-23 10:12:01,31.521
2012-05-23 10:14:01,31.584
2012-05-23 10:16:01,31.833
2012-05-23 10:18:01,31.771
2012-05-23 10:20:01,31.272
2012-05-23 10:22:01,30.648
2012-05-23 10:24:01,29.899
2012-05-23 10:26:01,29.774
2012-05-23 10:28:01,29.962
2012-05-23 10:30:01,30.398
2012-05-23 10:32:01,30.835
2012-05-23 10:34:01,31.272
2012-05-23 10:36:01,31.771
2012-05-23 10:38:01,32.207
2012-05-23 10:40:01,32.893
2012-05-23 10:42:01,33.267
2012-05-23 10:44:01,33.455
2012-05-23 10:46:01,32.332
2012-05-23 10:48:01,31.397
2012-05-23 10:50:01,30.523
2012-05-23 10:52:01,30.274
2012-05-23 10:54:01,32.083
2012-05-23 10:56:01,33.018
2012-05-23 10:58:01,32.769
2012-05-23 11:00:01,31.459
2012-05-23 11:02:01,30.648
2012-05-23 11:04:01,31.397
2012-05-23 11:06:01,32.145
2012-05-23 11:08:01,32.644
2012-05-23 11:10:01,32.457
2012-05-23 11:12:01,32.395
2012-05-23 11:14:01,32.519
2012-05-23 11:16:01,32.706
2012-05-23 11:18:01,32.457
2012-05-23 11:20:01,31.958
2012-05-23 11:22:01,31.147
2012-05-23 11:24:01,30.336
2012-05-23 11:26:01,30.149
2012-05-23 11:28:01,30.461
2012-05-23 11:30:01,30.96
2012-05-23 11:32:01,31.584
2012-05-23 11:34:01,31.833
2012-05-23 11:36:01,32.145
2012-05-23 11:38:01,32.519
2012-05-23 11:40:01,32.706
2012-05-23 11:42:01,32.27
2012-05-23 11:44:01,32.145
2012-05-23 11:46:01,32.332
2012-05-23 11:48:01,32.582
2012-05-23 11:50:01,32.706
2012-05-23 11:52:01,32.332
2012-05-23 11:54:01,31.584
2012-05-23 11:56:01,30.773
2012-05-23 11:58:01,30.024
2012-05-23 12:00:01,29.213
2012-05-23 12:02:01,29.025
2012-05-23 12:04:01,29.025
2012-05-23 12:06:01,28.963
2012-05-23 12:08:01,28.651
2012-05-23 12:10:01,28.651
2012-05-23 12:12:01,29.088
2012-05-23 12:14:01,29.774
2012-05-23 12:16:01,30.398
2012-05-23 12:18:01,30.898
2012-05-23 12:20:01,31.397
2012-05-23 12:22:01,31.397
2012-05-23 12:24:01,30.96
2012-05-23 12:26:01,30.898
2012-05-23 12:28:01,30.96
2012-05-23 12:30:01,31.272
2012-05-23 12:32:01,31.708
2012-05-23 12:34:01,32.083
2012-05-23 12:36:01,32.395
2012-05-23 12:38:01,32.706
2012-05-23 12:40:01,32.582
2012-05-23 12:42:01,32.02
2012-05-23 12:44:01,31.771
2012-05-23 12:46:01,31.833
2012-05-23 12:48:01,32.083
2012-05-23 12:50:01,32.395
2012-05-23 12:52:01,32.27
2012-05-23 12:54:01,31.771
2012-05-23 12:56:01,32.083
2012-05-23 12:58:01,32.395
2012-05-23 13:00:01,32.706
2012-05-23 13:02:01,32.207
2012-05-23 13:04:01,31.584
2012-05-23 13:06:01,31.459
2012-05-23 13:08:01,31.771
2012-05-23 13:10:01,32.207
2012-05-23 13:12:01,32.332
2012-05-23 13:14:01,32.02
2012-05-23 13:16:01,31.584
2012-05-23 13:18:01,31.397
2012-05-23 13:20:01,31.397
2012-05-23 13:22:01,31.958
2012-05-23 13:24:01,32.395
2012-05-23 13:26:01,32.519
2012-05-23 13:28:01,32.332
2012-05-23 13:30:01,32.083
2012-05-23 13:32:01,32.207
2012-05-23 13:34:01,31.958
2012-05-23 13:36:01,31.459
2012-05-23 13:38:01,31.833
2012-05-23 13:40:01,32.769
2012-05-23 13:42:01,33.579
2012-05-23 13:44:01,34.327
2012-05-23 13:46:01,34.576
2012-05-23 13:48:01,34.327
2012-05-23 13:50:01,34.016
2012-05-23 13:52:01,33.829
2012-05-23 13:54:01,33.891
2012-05-23 13:56:01,33.953
2012-05-23 13:58:01,34.016
2012-05-23 14:00:01,33.766
2012-05-23 14:02:01,34.14
2012-05-23 14:04:01,34.14
2012-05-23 14:06:01,34.327
2012-05-23 14:08:01,34.576
2012-05-23 14:10:01,34.265
2012-05-23 14:12:01,33.829
2012-05-23 14:14:01,33.33
2012-05-23 14:16:01,33.267
2012-05-23 14:18:01,33.205
2012-05-23 14:20:01,32.956
2012-05-23 14:22:01,33.08
2012-05-23 14:24:01,33.205
2012-05-23 14:26:01,33.455
2012-05-23 14:28:01,33.642
2012-05-23 14:30:01,33.455
2012-05-23 14:32:01,33.08
2012-05-23 14:34:01,32.582
2012-05-23 14:36:01,32.457
2012-05-23 14:38:01,32.769
2012-05-23 14:40:01,33.33
2012-05-23 14:42:01,33.766
2012-05-23 14:44:01,34.202
2012-05-23 14:46:01,34.265
2012-05-23 14:48:01,34.016
2012-05-23 14:50:01,33.579
2012-05-23 14:52:01,33.143
2012-05-23 14:54:01,33.267
2012-05-23 14:56:01,33.517
2012-05-23 14:58:01,33.953
2012-05-23 15:00:01,34.389
2012-05-23 15:02:01,34.826
2012-05-23 15:04:01,34.826
2012-05-23 15:06:01,34.639
2012-05-23 15:08:01,34.265
2012-05-23 15:10:01,33.829
2012-05-23 15:12:01,33.891
2012-05-23 15:14:01,33.953
2012-05-23 15:16:01,34.016
2012-05-23 15:18:01,34.389
2012-05-23 15:20:01,34.389
2012-05-23 15:22:01,34.202
2012-05-23 15:24:01,33.766
2012-05-23 15:26:01,33.143
2012-05-23 15:28:01,32.582
2012-05-23 15:30:01,32.145
2012-05-23 15:32:01,32.207
2012-05-23 15:34:01,32.582
2012-05-23 15:36:01,33.08
2012-05-23 15:38:01,33.517
2012-05-23 15:40:01,33.953
2012-05-23 15:42:01,34.202
2012-05-23 15:44:01,34.202
2012-05-23 15:46:01,33.891
2012-05-23 15:48:01,33.455
2012-05-23 15:50:01,33.267
2012-05-23 15:52:01,33.392
2012-05-23 15:54:01,33.33
2012-05-23 15:56:01,33.08
2012-05-23 15:58:01,32.769
2012-05-23 16:00:01,32.395
2012-05-23 16:02:01,32.207
2012-05-23 16:04:01,32.519
2012-05-23 16:06:01,33.018
2012-05-23 16:08:01,33.455
2012-05-23 16:10:01,33.829
2012-05-23 16:12:01,33.829
2012-05-23 16:14:01,33.579
2012-05-23 16:16:01,33.267
2012-05-23 16:18:01,32.769
2012-05-23 16:20:01,32.395
2012-05-23 16:22:01,32.332
2012-05-23 16:24:01,32.644
2012-05-23 16:26:01,33.205
2012-05-23 16:28:01,33.704
2012-05-23 16:30:01,34.016
2012-05-23 16:32:01,34.016
2012-05-23 16:34:01,33.829
2012-05-23 16:36:01,33.517
2012-05-23 16:38:01,33.08
2012-05-23 16:40:01,32.582
2012-05-23 16:42:01,32.083
2012-05-23 16:44:01,32.145
2012-05-23 16:46:01,32.519
2012-05-23 16:48:01,33.08
2012-05-23 16:50:01,33.704
2012-05-23 16:52:01,34.265
2012-05-23 16:54:01,34.701
2012-05-23 16:56:01,34.763
2012-05-23 16:58:01,34.576
2012-05-23 17:00:01,34.078
2012-05-23 17:02:01,33.642
2012-05-23 17:04:01,33.205
2012-05-23 17:06:01,32.956
2012-05-23 17:08:01,33.143
2012-05-23 17:10:01,33.579
2012-05-23 17:12:01,34.078
2012-05-23 17:14:01,34.514
2012-05-23 17:16:01,34.95
2012-05-23 17:18:01,34.95
2012-05-23 17:20:01,34.701
2012-05-23 17:22:01,34.265
2012-05-23 17:24:01,33.766
2012-05-23 17:26:01,33.205
2012-05-23 17:28:01,33.267
2012-05-23 17:30:01,33.579
2012-05-23 17:32:01,33.891
2012-05-23 17:34:01,34.327
2012-05-23 17:36:01,34.389
2012-05-23 17:38:01,34.14
2012-05-23 17:40:01,33.766
2012-05-23 17:42:01,33.267
2012-05-23 17:44:01,33.392
2012-05-23 17:46:01,33.579
2012-05-23 17:48:01,33.704
2012-05-23 17:50:01,33.579
2012-05-23 17:52:01,33.392
2012-05-23 17:54:01,33.08
2012-05-23 17:56:01,32.706
2012-05-23 17:58:01,32.644
2012-05-23 18:00:01,33.267
2012-05-23 18:02:01,33.829
2012-05-23 18:04:01,34.202
2012-05-23 18:06:01,34.452
2012-05-23 18:08:01,34.327
2012-05-23 18:10:01,34.14
2012-05-23 18:12:01,33.829
2012-05-23 18:14:01,33.642
2012-05-23 18:16:01,33.579
2012-05-23 18:18:01,33.766
2012-05-23 18:20:01,34.078
2012-05-23 18:22:01,34.202
2012-05-23 18:24:01,34.14
2012-05-23 18:26:01,33.766
2012-05-23 18:28:01,33.33
2012-05-23 18:30:01,32.769
2012-05-23 18:32:01,32.706
2012-05-23 18:34:01,32.956
2012-05-23 18:36:01,33.08
2012-05-23 18:38:01,33.08
2012-05-23 18:40:01,33.392
2012-05-23 18:42:01,33.766
2012-05-23 18:44:01,34.016
2012-05-23 18:46:01,34.265
2012-05-23 18:48:01,34.327
2012-05-23 18:50:01,34.078
2012-05-23 18:52:01,33.829
2012-05-23 18:54:01,33.455
2012-05-23 18:56:01,33.018
2012-05-23 18:58:01,32.644
2012-05-23 19:00:01,32.582
2012-05-23 19:02:01,32.706
2012-05-23 19:04:01,33.143
2012-05-23 19:06:01,33.642
2012-05-23 19:08:01,34.14
2012-05-23 19:10:01,34.514
2012-05-23 19:12:01,34.639
2012-05-23 19:14:01,34.514
2012-05-23 19:16:01,34.202
2012-05-23 19:18:01,33.766
2012-05-23 19:20:01,33.33
2012-05-23 19:22:01,33.33
2012-05-23 19:24:01,33.642
2012-05-23 19:26:01,33.953
2012-05-23 19:28:01,33.891
2012-05-23 19:30:01,33.642
2012-05-23 19:32:01,33.579
2012-05-23 19:34:01,33.829
2012-05-23 19:36:01,34.14
2012-05-23 19:38:01,34.016
2012-05-23 19:40:01,33.766
2012-05-23 19:42:01,33.517
2012-05-23 19:44:01,33.517
2012-05-23 19:46:01,33.267
2012-05-23 19:48:01,33.392
2012-05-23 19:50:01,33.392
2012-05-23 19:52:01,33.143
2012-05-23 19:54:01,32.831
2012-05-23 19:56:01,32.395
2012-05-23 19:58:01,32.02
2012-05-23 20:00:01,32.02
2012-05-23 20:02:01,32.145
2012-05-23 20:04:01,32.083
2012-05-23 20:06:01,31.771
2012-05-23 20:08:01,31.272
2012-05-23 20:10:01,30.648
2012-05-23 20:12:01,30.024
2012-05-23 20:14:01,29.4
2012-05-23 20:16:01,29.15
2012-05-24 05:02:01,17.956
2012-05-24 05:04:01,19.585
2012-05-24 05:06:01,21.087
2012-05-24 05:08:01,22.526
2012-05-24 05:10:01,24.152
2012-05-24 05:12:01,25.652
2012-05-24 05:14:01,26.902
2012-05-24 05:16:01,27.901
2012-05-24 05:18:01,28.338
2012-05-24 05:20:01,28.776
2012-05-24 05:22:01,29.462
2012-05-24 05:24:01,29.962
2012-05-24 05:26:01,30.523
2012-05-24 05:28:01,30.773
2012-05-24 05:30:01,31.085
2012-05-24 05:32:01,31.397
2012-05-24 05:34:01,31.708
2012-05-24 05:36:01,31.958
2012-05-24 05:38:01,31.708
2012-05-24 05:40:01,31.459
2012-05-24 05:42:01,31.459
2012-05-24 05:44:01,31.521
2012-05-24 05:46:01,31.771
2012-05-24 05:48:01,32.02
2012-05-24 05:50:01,31.958
2012-05-24 05:52:01,31.209
2012-05-24 05:54:01,30.586
2012-05-24 05:56:01,30.336
2012-05-24 05:58:01,29.649
2012-05-24 06:00:01,28.9
2012-05-24 06:02:01,28.338
2012-05-24 06:04:01,28.463
2012-05-24 06:06:01,28.9
2012-05-24 06:08:01,29.587
2012-05-24 06:10:01,30.211
2012-05-24 06:12:01,30.648
2012-05-24 06:14:01,30.96
2012-05-24 06:16:01,31.397
2012-05-24 06:18:01,31.833
2012-05-24 06:20:01,31.771
2012-05-24 06:22:01,31.896
2012-05-24 06:24:01,31.771
2012-05-24 06:26:01,31.272
2012-05-24 06:28:01,30.835
2012-05-24 06:30:01,30.648
2012-05-24 06:32:01,30.835
2012-05-24 06:34:01,31.272
2012-05-24 06:36:01,31.646
2012-05-24 06:38:01,31.958
2012-05-24 06:40:01,32.27
2012-05-24 06:42:01,32.519
2012-05-24 06:44:01,32.644
2012-05-24 06:46:01,32.831
2012-05-24 06:48:01,32.769
2012-05-24 06:50:01,32.956
2012-05-24 06:52:01,33.08
2012-05-24 06:54:01,32.706
2012-05-24 06:56:01,31.896
2012-05-24 06:58:01,31.272
2012-05-24 07:00:01,30.835
2012-05-24 07:02:01,30.898
2012-05-24 07:04:01,31.272
2012-05-24 07:06:01,31.708
2012-05-24 07:08:01,32.083
2012-05-24 07:10:01,32.332
2012-05-24 07:12:01,32.769
2012-05-24 07:14:01,33.08
2012-05-24 07:16:01,33.33
2012-05-24 07:18:01,33.579
2012-05-24 07:20:01,33.704
2012-05-24 07:22:01,33.891
2012-05-24 07:24:01,33.33
2012-05-24 07:26:01,32.769
2012-05-24 07:28:01,32.083
2012-05-24 07:30:01,31.833
2012-05-24 07:32:01,31.958
2012-05-24 07:34:01,32.395
2012-05-24 07:36:01,32.893
2012-05-24 07:38:01,33.205
2012-05-24 07:40:01,33.579
2012-05-24 07:42:01,33.704
2012-05-24 07:44:01,33.455
2012-05-24 07:46:01,33.455
2012-05-24 07:48:01,33.704
2012-05-24 07:50:01,33.579
2012-05-24 07:52:01,33.517
2012-05-24 07:54:01,33.704
2012-05-24 07:56:01,33.891
2012-05-24 07:58:01,34.016
2012-05-24 08:00:01,34.14
2012-05-24 08:02:01,34.514
2012-05-24 08:04:01,34.826
2012-05-24 08:06:01,35.075
2012-05-24 08:08:01,34.826
2012-05-24 08:10:01,34.202
2012-05-24 08:12:01,33.517
2012-05-24 08:14:01,32.831
2012-05-24 08:16:01,32.27
2012-05-24 08:18:01,31.646
2012-05-24 08:20:01,31.147
2012-05-24 08:22:01,30.648
2012-05-24 08:24:01,30.211
2012-05-24 08:26:01,29.774
2012-05-24 08:28:01,30.024
2012-05-24 08:30:01,30.586
2012-05-24 08:32:01,31.272
2012-05-24 08:34:01,32.02
2012-05-24 08:36:01,32.644
2012-05-24 08:38:01,33.517
2012-05-24 08:40:01,33.891
2012-05-24 08:42:01,34.265
2012-05-24 08:44:01,34.389
2012-05-24 08:46:01,34.327
2012-05-24 08:48:01,34.452
2012-05-24 08:50:01,34.389
2012-05-24 08:52:01,33.953
2012-05-24 08:54:01,33.704
2012-05-24 08:56:01,33.891
2012-05-24 08:58:01,34.202
2012-05-24 09:00:01,34.576
2012-05-24 09:02:01,35.013
2012-05-24 09:04:01,35.386
2012-05-24 09:06:01,35.76
2012-05-24 09:08:01,35.885
2012-05-24 09:10:01,36.072
2012-05-24 09:12:01,35.573
2012-05-24 09:14:01,35.262
2012-05-24 09:16:01,34.95
2012-05-24 09:18:01,34.95
2012-05-24 09:20:01,35.137
2012-05-24 09:22:01,35.2
2012-05-24 09:24:01,34.95
2012-05-24 09:26:01,34.639
2012-05-24 09:28:01,34.701
2012-05-24 09:30:01,34.888
2012-05-24 09:32:01,35.013
2012-05-24 09:34:01,34.95
2012-05-24 09:36:01,34.701
2012-05-24 09:38:01,34.701
2012-05-24 09:40:01,34.826
2012-05-24 09:42:01,35.013
2012-05-24 09:44:01,35.2
2012-05-24 09:46:01,35.324
2012-05-24 09:48:01,35.386
2012-05-24 09:50:01,35.2
2012-05-24 09:52:01,34.888
2012-05-24 09:54:01,34.514
2012-05-24 09:56:01,34.327
2012-05-24 09:58:01,34.452
2012-05-24 10:00:01,34.452
2012-05-24 10:02:01,34.202
2012-05-24 10:04:01,34.327
2012-05-24 10:06:01,34.576
2012-05-24 10:08:01,34.888
2012-05-24 10:10:01,35.137
2012-05-24 10:12:01,35.262
2012-05-24 10:14:01,35.324
2012-05-24 10:16:01,35.137
2012-05-24 10:18:01,34.826
2012-05-24 10:20:01,34.576
2012-05-24 10:22:01,34.639
2012-05-24 10:24:01,34.701
2012-05-24 10:26:01,34.639
2012-05-24 10:28:01,34.452
2012-05-24 10:30:01,34.14
2012-05-24 10:32:01,34.14
2012-05-24 10:34:01,34.389
2012-05-24 10:36:01,34.639
2012-05-24 10:38:01,35.013
2012-05-24 10:40:01,35.262
2012-05-24 10:42:01,35.262
2012-05-24 10:44:01,35.137
2012-05-24 10:46:01,34.888
2012-05-24 10:48:01,34.576
2012-05-24 10:50:01,34.265
2012-05-24 10:52:01,34.202
2012-05-24 10:54:01,34.327
2012-05-24 10:56:01,34.452
2012-05-24 10:58:01,34.265
2012-05-24 11:00:01,33.953
2012-05-24 11:02:01,33.642
2012-05-24 11:04:01,33.455
2012-05-24 11:06:01,33.704
2012-05-24 11:08:01,34.016
2012-05-24 11:10:01,34.202
2012-05-24 11:12:01,34.14
2012-05-24 11:14:01,34.078
2012-05-24 11:16:01,34.265
2012-05-24 11:18:01,34.514
2012-05-24 11:20:01,34.888
2012-05-24 11:22:01,35.2
2012-05-24 11:24:01,35.573
2012-05-24 11:26:01,35.823
2012-05-24 11:28:01,35.76
2012-05-24 11:30:01,35.511
2012-05-24 11:32:01,35.137
2012-05-24 11:34:01,35.075
2012-05-24 11:36:01,35.075
2012-05-24 11:38:01,35.075
2012-05-24 11:40:01,35.262
2012-05-24 11:42:01,35.449
2012-05-24 11:44:01,35.698
2012-05-24 11:46:01,35.823
2012-05-24 11:48:01,35.698
2012-05-24 11:50:01,35.511
2012-05-24 11:52:01,35.636
2012-05-24 11:54:01,35.76
2012-05-24 11:56:01,35.636
2012-05-24 11:58:01,35.324
2012-05-24 12:00:01,34.95
2012-05-24 12:02:01,34.514
2012-05-24 12:04:01,34.14
2012-05-24 12:06:01,33.829
2012-05-24 12:08:01,33.953
2012-05-24 12:10:01,34.202
2012-05-24 12:12:01,34.265
2012-05-24 12:14:01,34.265
2012-05-24 12:16:01,34.327
2012-05-24 12:18:01,34.576
2012-05-24 12:20:01,35.137
2012-05-24 12:22:01,35.511
2012-05-24 12:24:01,35.2
2012-05-24 12:26:01,34.452
2012-05-24 12:28:01,33.891
2012-05-24 12:30:01,35.075
2012-05-24 12:32:01,35.449
2012-05-24 12:34:01,35.573
2012-05-24 12:36:01,35.823
2012-05-24 12:38:01,36.072
2012-05-24 12:40:01,35.76
2012-05-24 12:42:01,35.2
2012-05-24 12:44:01,34.763
2012-05-24 12:46:01,34.327
2012-05-24 12:48:01,34.452
2012-05-24 12:50:01,34.701
2012-05-24 12:52:01,34.514
2012-05-24 12:54:01,34.265
2012-05-24 12:56:01,34.078
2012-05-24 12:58:01,33.829
2012-05-24 13:00:01,33.953
2012-05-24 13:02:01,34.327
2012-05-24 13:04:01,34.639
2012-05-24 13:06:01,35.013
2012-05-24 13:08:01,35.262
2012-05-24 13:10:01,35.324
2012-05-24 13:12:01,35.449
2012-05-24 13:14:01,35.76
2012-05-24 13:16:01,36.072
2012-05-24 13:18:01,36.383
2012-05-24 13:20:01,36.134
2012-05-24 13:22:01,35.76
2012-05-24 13:24:01,35.324
2012-05-24 13:26:01,35.324
2012-05-24 13:28:01,34.95
2012-05-24 13:30:01,34.639
2012-05-24 13:32:01,34.514
2012-05-24 13:34:01,34.639
2012-05-24 13:36:01,34.701
2012-05-24 13:38:01,35.013
2012-05-24 13:40:01,35.386
2012-05-24 13:42:01,35.573
2012-05-24 13:44:01,35.386
2012-05-24 13:46:01,35.075
2012-05-24 13:48:01,34.639
2012-05-24 13:50:01,34.202
2012-05-24 13:52:01,34.265
2012-05-24 13:54:01,34.452
2012-05-24 13:56:01,34.826
2012-05-24 13:58:01,35.386
2012-05-24 14:00:01,35.947
2012-05-24 14:02:01,36.134
2012-05-24 14:04:01,35.885
2012-05-24 14:06:01,35.449
2012-05-24 14:08:01,35.511
2012-05-24 14:10:01,35.698
2012-05-24 14:12:01,35.947
2012-05-24 14:14:01,36.196
2012-05-24 14:16:01,36.383
2012-05-24 14:18:01,36.695
2012-05-24 14:20:01,36.881
2012-05-24 14:22:01,36.695
2012-05-24 14:24:01,36.383
2012-05-24 14:26:01,36.009
2012-05-24 14:28:01,35.573
2012-05-24 14:30:01,35.137
2012-05-24 14:32:01,34.701
2012-05-24 14:34:01,34.202
2012-05-24 14:36:01,34.202
2012-05-24 14:38:01,34.452
2012-05-24 14:40:01,34.95
2012-05-24 14:42:01,35.386
2012-05-24 14:44:01,35.76
2012-05-24 14:46:01,36.072
2012-05-24 14:48:01,36.134
2012-05-24 14:50:01,36.009
2012-05-24 14:52:01,35.698
2012-05-24 14:54:01,35.511
2012-05-24 14:56:01,35.511
2012-05-24 14:58:01,35.386
2012-05-24 15:00:01,35.2
2012-05-24 15:02:01,35.137
2012-05-24 15:04:01,35.262
2012-05-24 15:06:01,35.137
2012-05-24 15:08:01,34.826
2012-05-24 15:10:01,34.763
2012-05-24 15:12:01,35.013
2012-05-24 15:14:01,35.324
2012-05-24 15:16:01,35.698
2012-05-24 15:18:01,35.885
2012-05-24 15:20:01,35.76
2012-05-24 15:22:01,35.449
2012-05-24 15:24:01,35.324
2012-05-24 15:26:01,35.324
2012-05-24 15:28:01,35.449
2012-05-24 15:30:01,35.698
2012-05-24 15:32:01,35.823
2012-05-24 15:34:01,36.009
2012-05-24 15:36:01,36.259
2012-05-24 15:38:01,36.321
2012-05-24 15:40:01,36.072
2012-05-24 15:42:01,35.698
2012-05-24 15:44:01,35.137
2012-05-24 15:46:01,34.639
2012-05-24 15:48:01,34.389
2012-05-24 15:50:01,34.514
2012-05-24 15:52:01,34.763
2012-05-24 15:54:01,35.137
2012-05-24 15:56:01,35.449
2012-05-24 15:58:01,35.823
2012-05-24 16:00:01,36.072
2012-05-24 16:02:01,36.072
2012-05-24 16:04:01,35.885
2012-05-24 16:06:01,35.573
2012-05-24 16:08:01,35.2
2012-05-24 16:10:01,34.826
2012-05-24 16:12:01,34.514
2012-05-24 16:14:01,34.576
2012-05-24 16:16:01,34.888
2012-05-24 16:18:01,35.075
2012-05-24 16:20:01,35.386
2012-05-24 16:22:01,35.511
2012-05-24 16:24:01,35.324
2012-05-24 16:26:01,35.013
2012-05-24 16:28:01,34.576
2012-05-24 16:30:01,34.639
2012-05-24 16:32:01,34.639
2012-05-24 16:34:01,34.514
2012-05-24 16:36:01,34.576
2012-05-24 16:38:01,34.763
2012-05-24 16:40:01,35.075
2012-05-24 16:42:01,35.511
2012-05-24 16:44:01,35.698
2012-05-24 16:46:01,35.573
2012-05-24 16:48:01,35.2
2012-05-24 16:50:01,35.075
2012-05-24 16:52:01,35.137
2012-05-24 16:54:01,35.262
2012-05-24 16:56:01,35.511
2012-05-24 16:58:01,35.449
2012-05-24 17:00:01,35.324
2012-05-24 17:02:01,35.013
2012-05-24 17:04:01,34.763
2012-05-24 17:06:01,34.763
2012-05-24 17:08:01,34.888
2012-05-24 17:10:01,35.137
2012-05-24 17:12:01,35.449
2012-05-24 17:14:01,35.636
2012-05-24 17:16:01,35.511
2012-05-24 17:18:01,35.137
2012-05-24 17:20:01,34.701
2012-05-24 17:22:01,34.514
2012-05-24 17:24:01,34.639
2012-05-24 17:26:01,34.888
2012-05-24 17:28:01,35.262
2012-05-24 17:30:01,35.636
2012-05-24 17:32:01,35.947
2012-05-24 17:34:01,36.009
2012-05-24 17:36:01,35.698
2012-05-24 17:38:01,35.262
2012-05-24 17:40:01,34.763
2012-05-24 17:42:01,34.265
2012-05-24 17:44:01,33.829
2012-05-24 17:46:01,33.392
2012-05-24 17:48:01,33.018
2012-05-24 17:50:01,32.706
2012-05-24 17:52:01,32.519
2012-05-24 17:54:01,32.769
2012-05-24 17:56:01,33.205
2012-05-24 17:58:01,33.829
2012-05-24 18:00:01,34.514
2012-05-24 18:02:01,34.95
2012-05-24 18:04:01,35.013
2012-05-24 18:06:01,34.826
2012-05-24 18:08:01,34.514
2012-05-24 18:10:01,34.078
2012-05-24 18:12:01,34.078
2012-05-24 18:14:01,34.327
2012-05-24 18:16:01,34.701
2012-05-24 18:18:01,35.075
2012-05-24 18:20:01,35.075
2012-05-24 18:22:01,34.763
2012-05-24 18:24:01,34.701
2012-05-24 18:26:01,34.888
2012-05-24 18:28:01,35.2
2012-05-24 18:30:01,35.262
2012-05-24 18:32:01,34.95
2012-05-24 18:34:01,34.576
2012-05-24 18:36:01,34.452
2012-05-24 18:38:01,34.763
2012-05-24 18:40:01,34.763
2012-05-24 18:42:01,34.576
2012-05-24 18:44:01,34.389
2012-05-24 18:46:01,34.452
2012-05-24 18:48:01,34.639
2012-05-24 18:50:01,35.013
2012-05-24 18:52:01,35.386
2012-05-24 18:54:01,35.511
2012-05-24 18:56:01,35.2
2012-05-24 18:58:01,35.013
2012-05-24 19:00:01,35.075
2012-05-24 19:02:01,35.324
2012-05-24 19:04:01,35.698
2012-05-24 19:06:01,35.76
2012-05-24 19:08:01,35.511
2012-05-24 19:10:01,35.262
2012-05-24 19:12:01,34.888
2012-05-24 19:14:01,34.452
2012-05-24 19:16:01,34.078
2012-05-24 19:18:01,33.642
2012-05-24 19:20:01,33.205
2012-05-24 19:22:01,32.769
2012-05-24 19:24:01,32.769
2012-05-24 19:26:01,33.143
2012-05-24 19:28:01,33.579
2012-05-24 19:30:01,33.704
2012-05-24 19:32:01,34.078
2012-05-24 19:34:01,34.389
2012-05-24 19:36:01,34.763
2012-05-24 19:38:01,35.075
2012-05-24 19:40:01,35.386
2012-05-24 19:42:01,35.511
2012-05-24 19:44:01,35.386
2012-05-24 19:46:01,35.013
2012-05-24 19:48:01,34.576
2012-05-24 19:50:01,34.389
2012-05-24 19:52:01,34.14
2012-05-24 19:54:01,34.016
2012-05-24 19:56:01,34.078
2012-05-24 19:58:01,34.265
2012-05-24 20:00:01,34.265
2012-05-24 20:02:01,33.953
2012-05-24 20:04:01,33.455
2012-05-24 20:06:01,32.893
2012-05-24 20:08:01,32.332
2012-05-24 20:10:01,32.02
2012-05-24 20:12:01,32.145
2012-05-24 20:14:01,32.582
2012-05-24 20:16:01,33.205
2012-05-25 05:00:01,29.462
2012-05-25 05:02:01,30.274
2012-05-25 05:04:01,31.022
2012-05-25 05:06:01,31.397
2012-05-25 05:08:01,31.896
2012-05-25 05:10:01,32.332
2012-05-25 05:12:01,32.582
2012-05-25 05:14:01,32.893
2012-05-25 05:16:01,33.018
2012-05-25 05:18:01,33.267
2012-05-25 05:20:01,33.455
2012-05-25 05:22:01,33.579
2012-05-25 05:24:01,33.642
2012-05-25 05:26:01,33.392
2012-05-25 05:28:01,33.392
2012-05-25 05:30:01,33.267
2012-05-25 05:32:01,32.956
2012-05-25 05:34:01,31.708
2012-05-25 05:36:01,31.459
2012-05-25 05:38:01,31.646
2012-05-25 05:40:01,31.958
2012-05-25 05:42:01,32.332
2012-05-25 05:44:01,32.706
2012-05-25 05:46:01,32.956
2012-05-25 05:48:01,32.956
2012-05-25 05:50:01,32.956
2012-05-25 05:52:01,33.143
2012-05-25 05:54:01,33.018
2012-05-25 05:56:01,32.706
2012-05-25 05:58:01,32.769
2012-05-25 06:00:01,32.956
2012-05-25 06:02:01,33.205
2012-05-25 06:04:01,33.455
2012-05-25 06:06:01,33.579
2012-05-25 06:08:01,33.766
2012-05-25 06:10:01,33.953
2012-05-25 06:12:01,34.14
2012-05-25 06:14:01,34.265
2012-05-25 06:16:01,34.14
2012-05-25 06:18:01,34.016
2012-05-25 06:20:01,33.829
2012-05-25 06:22:01,33.766
2012-05-25 06:24:01,33.455
2012-05-25 06:26:01,32.769
2012-05-25 06:28:01,32.582
2012-05-25 06:30:01,32.582
2012-05-25 06:32:01,32.706
2012-05-25 06:34:01,33.018
2012-05-25 06:36:01,33.267
2012-05-25 06:38:01,33.018
2012-05-25 06:40:01,32.582
2012-05-25 06:42:01,32.519
2012-05-25 06:44:01,32.519
2012-05-25 06:46:01,32.769
2012-05-25 06:48:01,33.08
2012-05-25 06:50:01,33.392
2012-05-25 06:52:01,33.267
2012-05-25 06:54:01,33.08
2012-05-25 06:56:01,33.143
2012-05-25 06:58:01,33.33
2012-05-25 07:00:01,33.455
2012-05-25 07:02:01,33.579
2012-05-25 07:04:01,33.766
2012-05-25 07:06:01,33.33
2012-05-25 07:08:01,32.831
2012-05-25 07:10:01,32.27
2012-05-25 07:12:01,32.207
2012-05-25 07:14:01,32.457
2012-05-25 07:16:01,32.893
2012-05-25 07:18:01,33.267
2012-05-25 07:20:01,33.579
2012-05-25 07:22:01,33.829
2012-05-25 07:24:01,34.078
2012-05-25 07:26:01,34.327
2012-05-25 07:28:01,34.514
2012-05-25 07:30:01,34.639
2012-05-25 07:32:01,34.826
2012-05-25 07:34:01,34.888
2012-05-25 07:36:01,34.888
2012-05-25 07:38:01,34.888
2012-05-25 07:40:01,35.013
2012-05-25 07:42:01,34.639
2012-05-25 07:44:01,34.576
2012-05-25 07:46:01,34.514
2012-05-25 07:48:01,34.389
2012-05-25 07:50:01,34.389
2012-05-25 07:52:01,34.514
2012-05-25 07:54:01,34.639
2012-05-25 07:56:01,34.763
2012-05-25 07:58:01,34.888
2012-05-25 08:00:01,34.639
2012-05-25 08:02:01,34.327
2012-05-25 08:04:01,33.766
2012-05-25 08:06:01,33.205
2012-05-25 08:08:01,33.018
2012-05-25 08:10:01,33.143
2012-05-25 08:12:01,33.517
2012-05-25 08:14:01,33.953
2012-05-25 08:16:01,34.078
2012-05-25 08:18:01,33.766
2012-05-25 08:20:01,33.642
2012-05-25 08:22:01,33.205
2012-05-25 08:24:01,32.644
2012-05-25 08:26:01,32.02
2012-05-25 08:28:01,31.272
2012-05-25 08:30:01,30.523
2012-05-25 08:32:01,29.774
2012-05-25 08:34:01,29.025
2012-05-25 08:36:01,28.463
2012-05-25 08:38:01,27.901
2012-05-25 08:40:01,27.402
2012-05-25 08:42:01,27.027
2012-05-25 08:44:01,26.652
2012-05-25 08:46:01,26.34
2012-05-25 08:48:01,26.027
2012-05-25 08:50:01,25.715
2012-05-25 08:52:01,24.965
2012-05-25 08:54:01,24.777
2012-05-25 08:56:01,25.027
2012-05-25 08:58:01,26.152
2012-05-25 09:00:01,26.527
2012-05-25 09:02:01,26.964
2012-05-25 09:04:01,27.901
2012-05-25 09:06:01,28.401
2012-05-25 09:08:01,28.9
2012-05-25 09:10:01,28.963
2012-05-25 09:12:01,28.463
2012-05-25 09:14:01,30.024
2012-05-25 09:16:01,30.648
2012-05-25 09:18:01,31.833
2012-05-25 09:20:01,32.207
2012-05-25 09:22:01,33.08
2012-05-25 09:24:01,32.831
2012-05-25 09:26:01,33.267
2012-05-25 09:28:01,33.018
2012-05-25 09:30:01,32.644
2012-05-25 09:32:01,32.457
2012-05-25 09:34:01,32.956
2012-05-25 09:36:01,33.891
2012-05-25 09:38:01,34.452
2012-05-25 09:40:01,34.452
2012-05-25 09:42:01,34.763
2012-05-25 09:44:01,34.327
2012-05-25 09:46:01,34.639
2012-05-25 09:48:01,34.265
2012-05-25 09:50:01,33.891
2012-05-25 09:52:01,33.455
2012-05-25 09:54:01,33.891
2012-05-25 09:56:01,33.704
2012-05-25 09:58:01,33.704
2012-05-25 10:00:01,34.202
2012-05-25 10:02:01,34.826
2012-05-25 10:04:01,35.262
2012-05-25 10:06:01,35.636
2012-05-25 10:08:01,35.636
2012-05-25 10:10:01,35.76
2012-05-25 10:12:01,35.947
2012-05-25 10:14:01,35.698
2012-05-25 10:16:01,35.262
2012-05-25 10:18:01,34.826
2012-05-25 10:20:01,34.826
2012-05-25 10:22:01,35.013
2012-05-25 10:24:01,35.137
2012-05-25 10:26:01,35.013
2012-05-25 10:28:01,34.95
2012-05-25 10:30:01,34.576
2012-05-25 10:32:01,34.078
2012-05-25 10:34:01,34.14
2012-05-25 10:36:01,34.265
2012-05-25 10:38:01,34.514
2012-05-25 10:40:01,34.888
2012-05-25 10:42:01,35.386
2012-05-25 10:44:01,35.823
2012-05-25 10:46:01,35.947
2012-05-25 10:48:01,35.573
2012-05-25 10:50:01,35.137
2012-05-25 10:52:01,34.576
2012-05-25 10:54:01,34.016
2012-05-25 10:56:01,34.078
2012-05-25 10:58:01,34.14
2012-05-25 11:00:01,34.265
2012-05-25 11:02:01,34.639
2012-05-25 11:04:01,35.075
2012-05-25 11:06:01,35.013
2012-05-25 11:08:01,35.2
2012-05-25 11:10:01,35.386
2012-05-25 11:12:01,35.573
2012-05-25 11:14:01,35.76
2012-05-25 11:16:01,35.698
2012-05-25 11:18:01,35.2
2012-05-25 11:20:01,34.452
2012-05-25 11:22:01,34.514
2012-05-25 11:24:01,34.701
2012-05-25 11:26:01,34.888
2012-05-25 11:28:01,35.013
2012-05-25 11:30:01,35.2
2012-05-25 11:32:01,35.511
2012-05-25 11:34:01,35.698
2012-05-25 11:36:01,35.449
2012-05-25 11:38:01,35.075
2012-05-25 11:40:01,34.639
2012-05-25 11:42:01,34.639
2012-05-25 11:44:01,34.888
2012-05-25 11:46:01,35.137
2012-05-25 11:48:01,35.262
2012-05-25 11:50:01,35.511
2012-05-25 11:52:01,35.76
2012-05-25 11:54:01,35.885
2012-05-25 11:56:01,36.009
2012-05-25 11:58:01,35.511
2012-05-25 12:00:01,35.262
2012-05-25 12:02:01,35.013
2012-05-25 12:04:01,34.576
2012-05-25 12:06:01,34.14
2012-05-25 12:08:01,33.642
2012-05-25 12:10:01,33.33
2012-05-25 12:12:01,33.579
2012-05-25 12:14:01,34.078
2012-05-25 12:16:01,34.576
2012-05-25 12:18:01,35.075
2012-05-25 12:20:01,35.573
2012-05-25 12:22:01,35.947
2012-05-25 12:24:01,36.134
2012-05-25 12:26:01,35.885
2012-05-25 12:28:01,35.449
2012-05-25 12:30:01,35.075
2012-05-25 12:32:01,34.701
2012-05-25 12:34:01,34.576
2012-05-25 12:36:01,34.14
2012-05-25 12:38:01,34.265
2012-05-25 12:40:01,34.639
2012-05-25 12:42:01,34.576
2012-05-25 12:44:01,34.576
2012-05-25 12:46:01,34.576
2012-05-25 12:48:01,34.576
2012-05-25 12:50:01,34.888
2012-05-25 12:52:01,35.262
2012-05-25 12:54:01,35.324
2012-05-25 12:56:01,35.449
2012-05-25 12:58:01,35.698
2012-05-25 13:00:01,36.009
2012-05-25 13:02:01,36.196
2012-05-25 13:04:01,35.573
2012-05-25 13:06:01,35.013
2012-05-25 13:08:01,34.95
2012-05-25 13:10:01,34.639
2012-05-25 13:12:01,34.576
2012-05-25 13:14:01,34.452
2012-05-25 13:16:01,34.639
2012-05-25 13:18:01,34.826
2012-05-25 13:20:01,34.763
2012-05-25 13:22:01,34.452
2012-05-25 13:24:01,34.514
2012-05-25 13:26:01,34.639
2012-05-25 13:28:01,34.576
2012-05-25 13:30:01,34.389
2012-05-25 13:32:01,34.078
2012-05-25 13:34:01,34.016
2012-05-25 13:36:01,34.14
2012-05-25 13:38:01,34.202
2012-05-25 13:40:01,34.14
2012-05-25 13:42:01,34.016
2012-05-25 13:44:01,34.016
2012-05-25 13:46:01,34.327
2012-05-25 13:48:01,34.826
2012-05-25 13:50:01,34.95
2012-05-25 13:52:01,34.826
2012-05-25 13:54:01,34.826
2012-05-25 13:56:01,34.639
2012-05-25 13:58:01,34.452
2012-05-25 14:00:01,34.639
2012-05-25 14:02:01,34.888
2012-05-25 14:04:01,35.2
2012-05-25 14:06:01,35.449
2012-05-25 14:08:01,35.698
2012-05-25 14:10:01,35.947
2012-05-25 14:12:01,36.196
2012-05-25 14:14:01,36.445
2012-05-25 14:16:01,36.632
2012-05-25 14:18:01,36.445
2012-05-25 14:20:01,36.445
2012-05-25 14:22:01,36.508
2012-05-25 14:24:01,36.259
2012-05-25 14:26:01,35.76
2012-05-25 14:28:01,35.511
2012-05-25 14:30:01,35.324
2012-05-25 14:32:01,35.013
2012-05-25 14:34:01,34.763
2012-05-25 14:36:01,34.826
2012-05-25 14:38:01,34.826
2012-05-25 14:40:01,35.013
2012-05-25 14:42:01,35.262
2012-05-25 14:44:01,35.449
2012-05-25 14:46:01,35.698
2012-05-25 14:48:01,35.947
2012-05-25 14:50:01,36.134
2012-05-25 14:52:01,36.445
2012-05-25 14:54:01,36.632
2012-05-25 14:56:01,36.321
2012-05-25 14:58:01,35.823
2012-05-25 15:00:01,35.075
2012-05-25 15:02:01,34.452
2012-05-25 15:04:01,33.953
2012-05-25 15:06:01,33.704
2012-05-25 15:08:01,33.891
2012-05-25 15:10:01,34.265
2012-05-25 15:12:01,34.763
2012-05-25 15:14:01,35.262
2012-05-25 15:16:01,35.698
2012-05-25 15:18:01,36.072
2012-05-25 15:20:01,36.196
2012-05-25 15:22:01,36.383
2012-05-25 15:24:01,36.508
2012-05-25 15:26:01,36.134
2012-05-25 15:28:01,35.636
2012-05-25 15:30:01,35.511
2012-05-25 15:32:01,35.573
2012-05-25 15:34:01,35.511
2012-05-25 15:36:01,35.2
2012-05-25 15:38:01,34.95
2012-05-25 15:40:01,34.763
2012-05-25 15:42:01,34.826
2012-05-25 15:44:01,35.137
2012-05-25 15:46:01,35.449
2012-05-25 15:48:01,35.2
2012-05-25 15:50:01,34.826
2012-05-25 15:52:01,34.327
2012-05-25 15:54:01,33.829
2012-05-25 15:56:01,33.642
2012-05-25 15:58:01,33.766
2012-05-25 16:00:01,33.704
2012-05-25 16:02:01,33.517
2012-05-25 16:04:01,33.33
2012-05-25 16:06:01,33.517
2012-05-25 16:08:01,33.766
2012-05-25 16:10:01,34.202
2012-05-25 16:12:01,34.576
2012-05-25 16:14:01,34.888
2012-05-25 16:16:01,35.2
2012-05-25 16:18:01,35.449
2012-05-25 16:20:01,35.324
2012-05-25 16:22:01,35.013
2012-05-25 16:24:01,35.013
2012-05-25 16:26:01,35.075
2012-05-25 16:28:01,35.075
2012-05-25 16:30:01,34.639
2012-05-25 16:32:01,34.514
2012-05-25 16:34:01,34.078
2012-05-25 16:36:01,33.579
2012-05-25 16:38:01,33.517
2012-05-25 16:40:01,33.642
2012-05-25 16:42:01,34.016
2012-05-25 16:44:01,36.445
2012-05-25 16:46:01,37.255
2012-05-25 16:48:01,36.695
2012-05-25 16:50:01,35.698
2012-05-25 16:52:01,34.95
2012-05-25 16:54:01,34.265
2012-05-25 16:56:01,33.579
2012-05-25 16:58:01,33.392
2012-05-25 17:00:01,33.08
2012-05-25 17:02:01,33.018
2012-05-25 17:04:01,33.455
2012-05-25 17:06:01,33.953
2012-05-25 17:08:01,34.265
2012-05-25 17:10:01,34.639
2012-05-25 17:12:01,34.639
2012-05-25 17:14:01,34.826
2012-05-25 17:16:01,34.763
2012-05-25 17:18:01,34.514
2012-05-25 17:20:01,33.953
2012-05-25 17:22:01,33.579
2012-05-25 17:24:01,33.642
2012-05-25 17:26:01,33.953
2012-05-25 17:28:01,34.452
2012-05-25 17:30:01,34.888
2012-05-25 17:32:01,35.2
2012-05-25 17:34:01,35.137
2012-05-25 17:36:01,35.013
2012-05-25 17:38:01,35.075
2012-05-25 17:40:01,35.2
2012-05-25 17:42:01,35.075
2012-05-25 17:44:01,34.763
2012-05-25 17:46:01,34.452
2012-05-25 17:48:01,35.324
2012-05-25 17:50:01,35.823
2012-05-25 17:52:01,35.2
2012-05-25 17:54:01,34.701
2012-05-25 17:56:01,35.324
2012-05-25 17:58:01,35.449
2012-05-25 18:00:01,34.701
2012-05-25 18:02:01,34.14
2012-05-25 18:04:01,34.078
2012-05-25 18:06:01,34.14
2012-05-25 18:08:01,34.078
2012-05-25 18:10:01,33.766
2012-05-25 18:12:01,33.267
2012-05-25 18:14:01,32.706
2012-05-25 18:16:01,32.395
2012-05-25 18:18:01,32.582
2012-05-25 18:20:01,32.956
2012-05-25 18:22:01,33.455
2012-05-25 18:24:01,33.642
2012-05-25 18:26:01,33.579
2012-05-25 18:28:01,33.579
2012-05-25 18:30:01,33.766
2012-05-25 18:32:01,34.452
2012-05-25 18:34:01,34.452
2012-05-25 18:36:01,33.891
2012-05-25 18:38:01,33.455
2012-05-25 18:40:01,32.956
2012-05-25 18:42:01,32.332
2012-05-25 18:44:01,32.207
2012-05-25 18:46:01,32.457
2012-05-25 18:48:01,33.08
2012-05-25 18:50:01,33.33
2012-05-25 18:52:01,33.704
2012-05-25 18:54:01,34.14
2012-05-25 18:56:01,34.576
2012-05-25 18:58:01,34.576
2012-05-25 19:00:01,34.265
2012-05-25 19:02:01,34.265
2012-05-25 19:04:01,34.389
2012-05-25 19:06:01,34.639
2012-05-25 19:08:01,34.826
2012-05-25 19:10:01,34.701
2012-05-25 19:12:01,34.389
2012-05-25 19:14:01,34.514
2012-05-25 19:16:01,34.639
2012-05-25 19:18:01,34.888
2012-05-25 19:20:01,35.075
2012-05-25 19:22:01,35.262
2012-05-25 19:24:01,35.324
2012-05-25 19:26:01,35.449
2012-05-25 19:28:01,35.511
2012-05-25 19:30:01,35.449
2012-05-25 19:32:01,35.137
2012-05-25 19:34:01,34.701
2012-05-25 19:36:01,34.389
2012-05-25 19:38:01,33.953
2012-05-25 19:40:01,33.455
2012-05-25 19:42:01,32.956
2012-05-25 19:44:01,32.893
2012-05-25 19:46:01,33.267
2012-05-25 19:48:01,33.704
2012-05-25 19:50:01,34.078
2012-05-25 19:52:01,34.327
2012-05-25 19:54:01,35.137
2012-05-25 19:56:01,35.76
2012-05-25 19:58:01,36.196
2012-05-25 20:00:01,36.196
2012-05-25 20:02:01,35.947
2012-05-25 20:04:01,35.823
2012-05-25 20:06:01,35.698
2012-05-25 20:08:01,35.2
2012-05-25 20:10:01,34.576
2012-05-25 20:12:01,33.891
2012-05-25 20:14:01,33.642
2012-05-25 20:16:01,33.704
2012-05-25 20:18:01,33.891
2012-05-26 05:00:01,33.018
2012-05-26 05:02:01,33.33
2012-05-26 05:04:01,33.267
2012-05-26 05:06:01,33.33
2012-05-26 05:08:01,33.455
2012-05-26 05:10:01,33.579
2012-05-26 05:12:01,33.642
2012-05-26 05:14:01,33.766
2012-05-26 05:16:01,33.829
2012-05-26 05:18:01,33.891
2012-05-26 05:20:01,33.953
2012-05-26 05:22:01,34.078
2012-05-26 05:24:01,34.078
2012-05-26 05:26:01,34.078
2012-05-26 05:28:01,34.078
2012-05-26 05:30:01,33.891
2012-05-26 05:32:01,33.829
2012-05-26 05:34:01,33.766
2012-05-26 05:36:01,33.766
2012-05-26 05:38:01,33.766
2012-05-26 05:40:01,33.392
2012-05-26 05:42:01,33.33
2012-05-26 05:44:01,33.33
2012-05-26 05:46:01,33.33
2012-05-26 05:48:01,33.455
2012-05-26 05:50:01,33.33
2012-05-26 05:52:01,32.956
2012-05-26 05:54:01,32.644
2012-05-26 05:56:01,32.706
2012-05-26 05:58:01,32.956
2012-05-26 06:00:01,33.205
2012-05-26 06:02:01,33.143
2012-05-26 06:04:01,33.143
2012-05-26 06:06:01,33.642
2012-05-26 06:08:01,32.893
2012-05-26 06:10:01,32.27
2012-05-26 06:12:01,33.018
2012-05-26 06:14:01,33.33
2012-05-26 06:16:01,33.018
2012-05-26 06:18:01,32.769
2012-05-26 06:20:01,32.831
2012-05-26 06:22:01,33.018
2012-05-26 06:24:01,33.143
2012-05-26 06:26:01,33.205
2012-05-26 06:28:01,33.33
2012-05-26 06:30:01,33.267
2012-05-26 06:32:01,33.267
2012-05-26 06:34:01,33.33
2012-05-26 06:36:01,33.455
2012-05-26 06:38:01,33.143
2012-05-26 06:40:01,32.644
2012-05-26 06:42:01,32.207
2012-05-26 06:44:01,32.083
2012-05-26 06:46:01,32.207
2012-05-26 06:48:01,32.582
2012-05-26 06:50:01,33.08
2012-05-26 06:52:01,33.455
2012-05-26 06:54:01,33.455
2012-05-26 06:56:01,33.267
2012-05-26 06:58:01,33.33
2012-05-26 07:00:01,33.517
2012-05-26 07:02:01,33.704
2012-05-26 07:04:01,33.642
2012-05-26 07:06:01,33.455
2012-05-26 07:08:01,33.517
2012-05-26 07:10:01,33.704
2012-05-26 07:12:01,33.829
2012-05-26 07:14:01,33.205
2012-05-26 07:16:01,32.769
2012-05-26 07:18:01,32.956
2012-05-26 07:20:01,33.08
2012-05-26 07:22:01,33.205
2012-05-26 07:24:01,33.642
2012-05-26 07:26:01,34.14
2012-05-26 07:28:01,34.202
2012-05-26 07:30:01,34.389
2012-05-26 07:32:01,34.514
2012-05-26 07:34:01,34.452
2012-05-26 07:36:01,33.766
2012-05-26 07:38:01,33.08
2012-05-26 07:40:01,33.205
2012-05-26 07:42:01,33.642
2012-05-26 07:44:01,33.953
2012-05-26 07:46:01,34.078
2012-05-26 07:48:01,34.14
2012-05-26 07:50:01,34.078
2012-05-26 07:52:01,34.265
2012-05-26 07:54:01,34.202
2012-05-26 07:56:01,33.953
2012-05-26 07:58:01,33.642
2012-05-26 08:00:01,33.455
2012-05-26 08:02:01,33.642
2012-05-26 08:04:01,33.953
2012-05-26 08:06:01,34.265
2012-05-26 08:08:01,34.701
2012-05-26 08:10:01,35.137
2012-05-26 08:12:01,34.639
2012-05-26 08:14:01,34.016
2012-05-26 08:16:01,33.642
2012-05-26 08:18:01,33.891
2012-05-26 08:20:01,34.14
2012-05-26 08:22:01,34.514
2012-05-26 08:24:01,34.763
2012-05-26 08:26:01,35.013
2012-05-26 08:28:01,34.202
2012-05-26 08:30:01,33.642
2012-05-26 08:32:01,33.018
2012-05-26 08:34:01,33.392
2012-05-26 08:36:01,35.823
2012-05-26 08:38:01,37.13
2012-05-26 08:40:01,37.691
2012-05-26 08:42:01,38.002
2012-05-26 08:44:01,37.317
2012-05-26 08:46:01,35.947
2012-05-26 08:48:01,35.137
2012-05-26 08:50:01,35.511
2012-05-26 08:52:01,35.137
2012-05-26 08:54:01,34.639
2012-05-26 08:56:01,34.016
2012-05-26 08:58:01,33.891
2012-05-26 09:00:01,34.016
2012-05-26 09:02:01,34.389
2012-05-26 09:04:01,34.576
2012-05-26 09:06:01,34.763
2012-05-26 09:08:01,34.826
2012-05-26 09:10:01,34.763
2012-05-26 09:12:01,34.888
2012-05-26 09:14:01,35.013
2012-05-26 09:16:01,35.013
2012-05-26 09:18:01,35.075
2012-05-26 09:20:01,35.262
2012-05-26 09:22:01,35.386
2012-05-26 09:24:01,35.511
2012-05-26 09:26:01,35.511
2012-05-26 09:28:01,34.888
2012-05-26 09:30:01,34.265
2012-05-26 09:32:01,33.766
2012-05-26 09:34:01,34.016
2012-05-26 09:36:01,34.016
2012-05-26 09:38:01,34.452
2012-05-26 09:40:01,34.327
2012-05-26 09:42:01,34.265
2012-05-26 09:44:01,34.389
2012-05-26 09:46:01,34.389
2012-05-26 09:48:01,34.514
2012-05-26 09:50:01,34.701
2012-05-26 09:52:01,34.888
2012-05-26 09:54:01,35.2
2012-05-26 09:56:01,35.823
2012-05-26 09:58:01,37.068
2012-05-26 10:00:01,36.632
2012-05-26 10:02:01,37.379
2012-05-26 10:04:01,38.127
2012-05-26 10:06:01,38.625
2012-05-26 10:08:01,37.629
2012-05-26 10:10:01,36.134
2012-05-26 10:12:01,36.259
2012-05-26 10:14:01,36.757
2012-05-26 10:16:01,36.819
2012-05-26 10:18:01,36.383
2012-05-26 10:20:01,36.321
2012-05-26 10:22:01,36.259
2012-05-26 10:24:01,35.511
2012-05-26 10:26:01,34.016
2012-05-26 10:28:01,33.517
2012-05-26 10:30:01,35.075
2012-05-26 10:32:01,35.324
2012-05-26 10:34:01,33.704
2012-05-26 10:36:01,34.078
2012-05-26 10:38:01,34.514
2012-05-26 10:40:01,34.826
2012-05-26 10:42:01,35.013
2012-05-26 10:44:01,35.2
2012-05-26 10:46:01,35.324
2012-05-26 10:48:01,35.013
2012-05-26 10:50:01,35.2
2012-05-26 10:52:01,35.386
2012-05-26 10:54:01,35.2
2012-05-26 10:56:01,34.514
2012-05-26 10:58:01,34.826
2012-05-26 11:00:01,34.14
2012-05-26 11:02:01,33.766
2012-05-26 11:04:01,34.078
2012-05-26 11:06:01,34.452
2012-05-26 11:08:01,34.701
2012-05-26 11:10:01,34.888
2012-05-26 11:12:01,35.386
2012-05-26 11:14:01,35.76
2012-05-26 11:16:01,36.009
2012-05-26 11:18:01,36.259
2012-05-26 11:20:01,35.76
2012-05-26 11:22:01,35.324
2012-05-26 11:24:01,35.511
2012-05-26 11:26:01,35.698
2012-05-26 11:28:01,35.823
2012-05-26 11:30:01,34.95
2012-05-26 11:32:01,33.392
2012-05-26 11:34:01,33.953
2012-05-26 11:36:01,34.576
2012-05-26 11:38:01,35.823
2012-05-26 11:40:01,37.13
2012-05-26 11:42:01,36.695
2012-05-26 11:44:01,36.383
2012-05-26 11:46:01,36.321
2012-05-26 11:48:01,36.196
2012-05-26 11:50:01,35.76
2012-05-26 11:52:01,35.511
2012-05-26 11:54:01,35.262
2012-05-26 11:56:01,34.14
2012-05-26 11:58:01,34.763
2012-05-26 12:00:01,36.259
2012-05-26 12:02:01,36.632
2012-05-26 12:04:01,36.196
2012-05-26 12:06:01,36.321
2012-05-26 12:08:01,36.508
2012-05-26 12:10:01,36.695
2012-05-26 12:12:01,36.321
2012-05-26 12:14:01,36.383
2012-05-26 12:16:01,35.885
2012-05-26 12:18:01,35.013
2012-05-26 12:20:01,34.763
2012-05-26 12:22:01,34.701
2012-05-26 12:24:01,34.763
2012-05-26 12:26:01,34.639
2012-05-26 12:28:01,34.826
2012-05-26 12:30:01,35.2
2012-05-26 12:32:01,35.636
2012-05-26 12:34:01,35.947
2012-05-26 12:36:01,36.196
2012-05-26 12:38:01,36.259
2012-05-26 12:40:01,35.947
2012-05-26 12:42:01,35.511
2012-05-26 12:44:01,35.137
2012-05-26 12:46:01,35.075
2012-05-26 12:48:01,35.137
2012-05-26 12:50:01,35.386
2012-05-26 12:52:01,35.698
2012-05-26 12:54:01,35.947
2012-05-26 12:56:01,35.823
2012-05-26 12:58:01,34.826
2012-05-26 13:00:01,34.514
2012-05-26 13:02:01,34.14
2012-05-26 13:04:01,33.642
2012-05-26 13:06:01,33.08
2012-05-26 13:08:01,32.519
2012-05-26 13:10:01,32.145
2012-05-26 13:12:01,32.457
2012-05-26 13:14:01,32.207
2012-05-26 13:16:01,31.896
2012-05-26 13:18:01,31.833
2012-05-26 13:20:01,32.519
2012-05-26 13:22:01,33.455
2012-05-26 13:24:01,34.078
2012-05-26 13:26:01,33.953
2012-05-26 13:28:01,33.642
2012-05-26 13:30:01,33.143
2012-05-26 13:32:01,32.706
2012-05-26 13:34:01,32.644
2012-05-26 13:36:01,32.644
2012-05-26 13:38:01,32.893
2012-05-26 13:40:01,32.831
2012-05-26 13:42:01,32.893
2012-05-26 13:44:01,33.267
2012-05-26 13:46:01,33.704
2012-05-26 13:48:01,33.766
2012-05-26 13:50:01,33.953
2012-05-26 13:52:01,34.389
2012-05-26 13:54:01,34.327
2012-05-26 13:56:01,34.078
2012-05-26 13:58:01,34.016
2012-05-26 14:00:01,34.202
2012-05-26 14:02:01,34.389
2012-05-26 14:04:01,34.078
2012-05-26 14:06:01,34.14
2012-05-26 14:08:01,33.642
2012-05-26 14:10:01,33.642
2012-05-26 14:12:01,33.517
2012-05-26 14:14:01,33.517
2012-05-26 14:16:01,33.642
2012-05-26 14:18:01,33.829
2012-05-26 14:20:01,34.078
2012-05-26 14:22:01,33.953
2012-05-26 14:24:01,34.202
2012-05-26 14:26:01,34.514
2012-05-26 14:28:01,34.514
2012-05-26 14:30:01,33.953
2012-05-26 14:32:01,33.766
2012-05-26 14:34:01,33.953
2012-05-26 14:36:01,34.327
2012-05-26 14:38:01,34.763
2012-05-26 14:40:01,35.2
2012-05-26 14:42:01,35.075
2012-05-26 14:44:01,35.075
2012-05-26 14:46:01,33.891
2012-05-26 14:48:01,33.455
2012-05-26 14:50:01,37.442
2012-05-26 14:52:01,38.749
2012-05-26 14:54:01,38.5
2012-05-26 14:56:01,38.376
2012-05-26 14:58:01,37.878
2012-05-26 15:00:01,36.383
2012-05-26 15:02:01,37.13
2012-05-26 15:04:01,37.691
2012-05-26 15:06:01,36.695
2012-05-26 15:08:01,36.383
2012-05-26 15:10:01,36.072
2012-05-26 15:12:01,36.134
2012-05-26 15:14:01,36.196
2012-05-26 15:16:01,35.698
2012-05-26 15:18:01,36.944
2012-05-26 15:20:01,37.379
2012-05-26 15:22:01,36.757
2012-05-26 15:24:01,36.259
2012-05-26 15:26:01,35.075
2012-05-26 15:28:01,34.576
2012-05-26 15:30:01,34.639
2012-05-26 15:32:01,35.636
2012-05-26 15:34:01,36.383
2012-05-26 15:36:01,35.013
2012-05-26 15:38:01,34.826
2012-05-26 15:40:01,33.891
2012-05-26 15:42:01,34.078
2012-05-26 15:44:01,34.14
2012-05-26 15:46:01,34.452
2012-05-26 15:48:01,34.763
2012-05-26 15:50:01,35.075
2012-05-26 15:52:01,35.075
2012-05-26 15:54:01,35.075
2012-05-26 15:56:01,35.573
2012-05-26 15:58:01,35.885
2012-05-26 16:00:01,36.196
2012-05-26 16:02:01,36.445
2012-05-26 16:04:01,36.819
2012-05-26 16:06:01,37.068
2012-05-26 16:08:01,37.193
2012-05-26 16:10:01,36.757
2012-05-26 16:12:01,36.259
2012-05-26 16:14:01,36.009
2012-05-26 16:16:01,36.134
2012-05-26 16:18:01,36.321
2012-05-26 16:20:01,36.57
2012-05-26 16:22:01,36.819
2012-05-26 16:24:01,37.068
2012-05-26 16:26:01,36.944
2012-05-26 16:28:01,36.632
2012-05-26 16:30:01,36.196
2012-05-26 16:32:01,35.636
2012-05-26 16:34:01,35.449
2012-05-26 16:36:01,35.262
2012-05-26 16:38:01,35.013
2012-05-26 16:40:01,34.763
2012-05-26 16:42:01,34.888
2012-05-26 16:44:01,34.639
2012-05-26 16:46:01,34.327
2012-05-26 16:48:01,33.891
2012-05-26 16:50:01,33.704
2012-05-26 16:52:01,33.829
2012-05-26 16:54:01,34.265
2012-05-26 16:56:01,34.763
2012-05-26 16:58:01,34.888
2012-05-26 17:00:01,35.075
2012-05-26 17:02:01,35.262
2012-05-26 17:04:01,35.262
2012-05-26 17:06:01,34.888
2012-05-26 17:08:01,34.327
2012-05-26 17:10:01,33.953
2012-05-26 17:12:01,34.016
2012-05-26 17:14:01,34.389
2012-05-26 17:16:01,34.888
2012-05-26 17:18:01,35.2
2012-05-26 17:20:01,35.137
2012-05-26 17:22:01,34.763
2012-05-26 17:24:01,34.14
2012-05-26 17:26:01,33.891
2012-05-26 17:28:01,34.078
2012-05-26 17:30:01,34.514
2012-05-26 17:32:01,34.763
2012-05-26 17:34:01,34.452
2012-05-26 17:36:01,33.953
2012-05-26 17:38:01,33.829
2012-05-26 17:40:01,33.953
2012-05-26 17:42:01,34.763
2012-05-26 17:44:01,35.137
2012-05-26 17:46:01,35.573
2012-05-26 17:48:01,36.819
2012-05-26 17:50:01,36.819
2012-05-26 17:52:01,36.383
2012-05-26 17:54:01,35.76
2012-05-26 17:56:01,35.511
2012-05-26 17:58:01,35.262
2012-05-26 18:00:01,34.763
2012-05-26 18:02:01,34.202
2012-05-26 18:04:01,34.202
2012-05-26 18:06:01,34.389
2012-05-26 18:08:01,34.639
2012-05-26 18:10:01,34.888
2012-05-26 18:12:01,35.137
2012-05-26 18:14:01,35.636
2012-05-26 18:16:01,35.449
2012-05-26 18:18:01,35.2
2012-05-26 18:20:01,35.262
2012-05-26 18:22:01,35.262
2012-05-26 18:24:01,34.826
2012-05-26 18:26:01,34.452
2012-05-26 18:28:01,34.452
2012-05-26 18:30:01,34.576
2012-05-26 18:32:01,34.389
2012-05-26 18:34:01,34.265
2012-05-26 18:36:01,34.389
2012-05-26 18:38:01,34.14
2012-05-26 18:40:01,34.389
2012-05-26 18:42:01,34.701
2012-05-26 18:44:01,34.95
2012-05-26 18:46:01,34.763
2012-05-26 18:48:01,34.265
2012-05-26 18:50:01,34.14
2012-05-26 18:52:01,34.265
2012-05-26 18:54:01,34.202
2012-05-26 18:56:01,34.265
2012-05-26 18:58:01,33.953
2012-05-26 19:00:01,33.891
2012-05-26 19:02:01,34.078
2012-05-26 19:04:01,34.327
2012-05-26 19:06:01,34.576
2012-05-26 19:08:01,34.701
2012-05-26 19:10:01,34.327
2012-05-26 19:12:01,33.891
2012-05-26 19:14:01,33.891
2012-05-26 19:16:01,34.14
2012-05-26 19:18:01,34.452
2012-05-26 19:20:01,34.327
2012-05-26 19:22:01,34.078
2012-05-26 19:24:01,33.704
2012-05-26 19:26:01,33.766
2012-05-26 19:28:01,34.202
2012-05-26 19:30:01,34.576
2012-05-26 19:32:01,34.452
2012-05-26 19:34:01,34.763
2012-05-26 19:36:01,35.573
2012-05-26 19:38:01,36.009
2012-05-26 19:40:01,35.947
2012-05-26 19:42:01,35.511
2012-05-26 19:44:01,34.826
2012-05-26 19:46:01,34.514
2012-05-26 19:48:01,34.576
2012-05-26 19:50:01,34.265
2012-05-26 19:52:01,33.704
2012-05-26 19:54:01,33.08
2012-05-26 19:56:01,33.267
2012-05-26 19:58:01,33.579
2012-05-26 20:00:01,33.766
2012-05-26 20:02:01,34.265
2012-05-26 20:04:01,34.763
2012-05-26 20:06:01,35.2
2012-05-26 20:08:01,34.763
2012-05-26 20:10:01,34.95
2012-05-26 20:12:01,35.075
2012-05-26 20:14:01,35.137
2012-05-26 20:16:01,35.262
2012-05-26 20:18:01,35.013
2012-05-27 05:00:01,31.584
2012-05-27 05:02:01,31.958
2012-05-27 05:04:01,32.395
2012-05-27 05:06:01,32.457
2012-05-27 05:08:01,32.769
2012-05-27 05:10:01,33.018
2012-05-27 05:12:01,33.205
2012-05-27 05:14:01,33.642
2012-05-27 05:16:01,33.829
2012-05-27 05:18:01,33.829
2012-05-27 05:20:01,33.953
2012-05-27 05:22:01,33.953
2012-05-27 05:24:01,34.016
2012-05-27 05:26:01,34.14
2012-05-27 05:28:01,33.704
2012-05-27 05:30:01,33.517
2012-05-27 05:32:01,33.517
2012-05-27 05:34:01,33.642
2012-05-27 05:36:01,33.517
2012-05-27 05:38:01,33.517
2012-05-27 05:40:01,33.579
2012-05-27 05:42:01,33.704
2012-05-27 05:44:01,33.829
2012-05-27 05:46:01,33.829
2012-05-27 05:48:01,33.704
2012-05-27 05:50:01,33.455
2012-05-27 05:52:01,33.392
2012-05-27 05:54:01,33.392
2012-05-27 05:56:01,33.517
2012-05-27 05:58:01,33.455
2012-05-27 06:00:01,33.455
2012-05-27 06:02:01,33.517
2012-05-27 06:04:01,33.455
2012-05-27 06:06:01,33.392
2012-05-27 06:08:01,33.455
2012-05-27 06:10:01,33.392
2012-05-27 06:12:01,33.33
2012-05-27 06:14:01,33.267
2012-05-27 06:16:01,33.267
2012-05-27 06:18:01,33.267
2012-05-27 06:20:01,33.267
2012-05-27 06:22:01,33.143
2012-05-27 06:24:01,33.08
2012-05-27 06:26:01,33.08
2012-05-27 06:28:01,33.205
2012-05-27 06:30:01,33.33
2012-05-27 06:32:01,32.706
2012-05-27 06:34:01,31.771
2012-05-27 06:36:01,31.459
2012-05-27 06:38:01,31.521
2012-05-27 06:40:01,31.771
2012-05-27 06:42:01,32.145
2012-05-27 06:44:01,32.457
2012-05-27 06:46:01,32.395
2012-05-27 06:48:01,31.833
2012-05-27 06:50:01,31.896
2012-05-27 06:52:01,32.083
2012-05-27 06:54:01,32.395
2012-05-27 06:56:01,32.706
2012-05-27 06:58:01,32.831
2012-05-27 07:00:01,32.27
2012-05-27 07:02:01,31.521
2012-05-27 07:04:01,30.96
2012-05-27 07:06:01,30.898
2012-05-27 07:08:01,31.147
2012-05-27 07:10:01,32.02
2012-05-27 07:12:01,32.582
2012-05-27 07:14:01,34.826
2012-05-27 07:16:01,35.013
2012-05-27 07:18:01,36.009
2012-05-27 07:20:01,36.134
2012-05-27 07:22:01,35.386
2012-05-27 07:24:01,34.95
2012-05-27 07:26:01,34.763
2012-05-27 07:28:01,34.514
2012-05-27 07:30:01,34.514
2012-05-27 07:32:01,34.639
2012-05-27 07:34:01,34.452
2012-05-27 07:36:01,33.704
2012-05-27 07:38:01,32.769
2012-05-27 07:40:01,32.27
2012-05-27 07:42:01,32.207
2012-05-27 07:44:01,32.332
2012-05-27 07:46:01,32.831
2012-05-27 07:48:01,33.392
2012-05-27 07:50:01,32.769
2012-05-27 07:52:01,32.769
2012-05-27 07:54:01,32.956
2012-05-27 07:56:01,33.33
2012-05-27 07:58:01,33.517
2012-05-27 08:00:01,33.704
2012-05-27 08:02:01,33.953
2012-05-27 08:04:01,34.016
2012-05-27 08:06:01,34.389
2012-05-27 08:08:01,34.514
2012-05-27 08:10:01,34.14
2012-05-27 08:12:01,34.14
2012-05-27 08:14:01,34.14
2012-05-27 08:16:01,33.579
2012-05-27 08:18:01,32.893
2012-05-27 08:20:01,32.332
2012-05-27 08:22:01,33.205
2012-05-27 08:24:01,32.769
2012-05-27 08:26:01,32.519
2012-05-27 08:28:01,32.706
2012-05-27 08:30:01,33.579
2012-05-27 08:32:01,33.205
2012-05-27 08:34:01,33.205
2012-05-27 08:36:01,33.018
2012-05-27 08:38:01,33.267
2012-05-27 08:40:01,33.579
2012-05-27 08:42:01,33.953
2012-05-27 08:44:01,34.202
2012-05-27 08:46:01,34.452
2012-05-27 08:48:01,34.888
2012-05-27 08:50:01,35.075
2012-05-27 08:52:01,34.078
2012-05-27 08:54:01,33.953
2012-05-27 08:56:01,33.579
2012-05-27 08:58:01,32.893
2012-05-27 09:00:01,32.644
2012-05-27 09:02:01,32.644
2012-05-27 09:04:01,31.771
2012-05-27 09:06:01,31.459
2012-05-27 09:08:01,31.896
2012-05-27 09:10:01,32.769
2012-05-27 09:12:01,33.704
2012-05-27 09:14:01,34.514
2012-05-27 09:16:01,34.95
2012-05-27 09:18:01,35.324
2012-05-27 09:20:01,35.262
2012-05-27 09:22:01,34.639
2012-05-27 09:24:01,34.14
2012-05-27 09:26:01,34.327
2012-05-27 09:28:01,34.763
2012-05-27 09:30:01,35.324
2012-05-27 09:32:01,35.947
2012-05-27 09:34:01,34.95
2012-05-27 09:36:01,34.078
2012-05-27 09:38:01,33.891
2012-05-27 09:40:01,34.389
2012-05-27 09:42:01,34.452
2012-05-27 09:44:01,34.701
2012-05-27 09:46:01,33.579
2012-05-27 09:48:01,33.953
2012-05-27 09:50:01,34.888
2012-05-27 09:52:01,36.009
2012-05-27 09:54:01,35.075
2012-05-27 09:56:01,35.2
2012-05-27 09:58:01,35.885
2012-05-27 10:00:01,36.259
2012-05-27 10:02:01,36.259
2012-05-27 10:04:01,35.449
2012-05-27 10:06:01,34.078
2012-05-27 10:08:01,34.639
2012-05-27 10:10:01,35.2
2012-05-27 10:12:01,33.205
2012-05-27 10:14:01,33.267
2012-05-27 10:16:01,33.953
2012-05-27 10:18:01,34.514
2012-05-27 10:20:01,34.826
2012-05-27 10:22:01,34.14
2012-05-27 10:24:01,33.267
2012-05-27 10:26:01,33.33
2012-05-27 10:28:01,34.202
2012-05-27 10:30:01,35.2
2012-05-27 10:32:01,35.885
2012-05-27 10:34:01,35.823
2012-05-27 10:36:01,35.947
2012-05-27 10:38:01,35.947
2012-05-27 10:40:01,35.511
2012-05-27 10:42:01,35.698
2012-05-27 10:44:01,35.823
2012-05-27 10:46:01,35.885
2012-05-27 10:48:01,36.009
2012-05-27 10:50:01,35.947
2012-05-27 10:52:01,36.072
2012-05-27 10:54:01,36.196
2012-05-27 10:56:01,36.383
2012-05-27 10:58:01,35.885
2012-05-27 11:00:01,34.826
2012-05-27 11:02:01,34.888
2012-05-27 11:04:01,35.449
2012-05-27 11:06:01,36.321
2012-05-27 11:08:01,35.947
2012-05-27 11:10:01,34.763
2012-05-27 11:12:01,34.826
2012-05-27 11:14:01,35.2
2012-05-27 11:16:01,35.573
2012-05-27 11:18:01,35.885
2012-05-27 11:20:01,36.072
2012-05-27 11:22:01,35.013
2012-05-27 11:24:01,35.013
2012-05-27 11:26:01,35.386
2012-05-27 11:28:01,35.573
2012-05-27 11:30:01,35.823
2012-05-27 11:32:01,34.95
2012-05-27 11:34:01,34.14
2012-05-27 11:36:01,34.452
2012-05-27 11:38:01,35.386
2012-05-27 11:40:01,35.885
2012-05-27 11:42:01,36.321
2012-05-27 11:44:01,35.511
2012-05-27 11:46:01,35.823
2012-05-27 11:48:01,35.947
2012-05-27 11:50:01,36.321
2012-05-27 11:52:01,36.57
2012-05-27 11:54:01,36.757
2012-05-27 11:56:01,36.695
2012-05-27 11:58:01,36.445
2012-05-27 12:00:01,36.072
2012-05-27 12:02:01,35.636
2012-05-27 12:04:01,34.701
2012-05-27 12:06:01,34.576
2012-05-27 12:08:01,33.642
2012-05-27 12:10:01,33.143
2012-05-27 12:12:01,34.576
2012-05-27 12:14:01,35.386
2012-05-27 12:16:01,36.819
2012-05-27 12:18:01,36.321
2012-05-27 12:20:01,36.196
2012-05-27 12:22:01,34.826
2012-05-27 12:24:01,35.324
2012-05-27 12:26:01,33.953
2012-05-27 12:28:01,32.769
2012-05-27 12:30:01,33.704
2012-05-27 12:32:01,34.763
2012-05-27 12:34:01,35.698
2012-05-27 12:36:01,36.009
2012-05-27 12:38:01,36.072
2012-05-27 12:40:01,36.695
2012-05-27 12:42:01,37.193
2012-05-27 12:44:01,36.757
2012-05-27 12:46:01,36.383
2012-05-27 12:48:01,36.134
2012-05-27 12:50:01,35.885
2012-05-27 12:52:01,35.76
2012-05-27 12:54:01,36.009
2012-05-27 12:56:01,34.452
2012-05-27 12:58:01,32.831
2012-05-27 13:00:01,34.078
2012-05-27 13:02:01,35.511
2012-05-27 13:04:01,37.068
2012-05-27 13:06:01,37.815
2012-05-27 13:08:01,37.379
2012-05-27 13:10:01,36.072
2012-05-27 13:12:01,35.636
2012-05-27 13:14:01,35.947
2012-05-27 13:16:01,36.259
2012-05-27 13:18:01,36.259
2012-05-27 13:20:01,33.704
2012-05-27 13:22:01,33.455
2012-05-27 13:24:01,33.392
2012-05-27 13:26:01,34.389
2012-05-27 13:28:01,35.511
2012-05-27 13:30:01,36.009
2012-05-27 13:32:01,36.695
2012-05-27 13:34:01,37.068
2012-05-27 13:36:01,37.13
2012-05-27 13:38:01,36.321
2012-05-27 13:40:01,34.514
2012-05-27 13:42:01,33.267
2012-05-27 13:44:01,34.14
2012-05-27 13:46:01,35.137
2012-05-27 13:48:01,35.573
2012-05-27 13:50:01,35.76
2012-05-27 13:52:01,36.072
2012-05-27 13:54:01,36.072
2012-05-27 13:56:01,36.321
2012-05-27 13:58:01,35.76
2012-05-27 14:00:01,34.576
2012-05-27 14:02:01,34.95
2012-05-27 14:04:01,34.888
2012-05-27 14:06:01,34.14
2012-05-27 14:08:01,35.885
2012-05-27 14:10:01,36.819
2012-05-27 14:12:01,37.317
2012-05-27 14:14:01,35.947
2012-05-27 14:16:01,34.514
2012-05-27 14:18:01,33.455
2012-05-27 14:20:01,32.644
2012-05-27 14:22:01,32.457
2012-05-27 14:24:01,33.018
2012-05-27 14:26:01,33.579
2012-05-27 14:28:01,34.389
2012-05-27 14:30:01,35.137
2012-05-27 14:32:01,35.636
2012-05-27 14:34:01,37.504
2012-05-27 14:36:01,37.94
2012-05-27 14:38:01,36.383
2012-05-27 14:40:01,34.452
2012-05-27 14:42:01,33.267
2012-05-27 14:44:01,34.389
2012-05-27 14:46:01,36.445
2012-05-27 14:48:01,37.504
2012-05-27 14:50:01,38.064
2012-05-27 14:52:01,37.691
2012-05-27 14:54:01,37.13
2012-05-27 14:56:01,35.947
2012-05-27 14:58:01,34.452
2012-05-27 15:00:01,32.893
2012-05-27 15:02:01,32.02
2012-05-27 15:04:01,30.835
2012-05-27 15:06:01,34.202
2012-05-27 15:08:01,34.452
2012-05-27 15:10:01,34.763
2012-05-27 15:12:01,35.573
2012-05-27 15:14:01,36.695
2012-05-27 15:16:01,37.317
2012-05-27 15:18:01,37.13
2012-05-27 15:20:01,36.632
2012-05-27 15:22:01,36.445
2012-05-27 15:24:01,36.632
2012-05-27 15:26:01,36.321
2012-05-27 15:28:01,35.2
2012-05-27 15:30:01,34.14
2012-05-27 15:32:01,34.016
2012-05-27 15:34:01,35.075
2012-05-27 15:36:01,35.698
2012-05-27 15:38:01,36.134
2012-05-27 15:40:01,35.698
2012-05-27 15:42:01,33.642
2012-05-27 15:44:01,33.392
2012-05-27 15:46:01,33.766
2012-05-27 15:48:01,34.14
2012-05-27 15:50:01,34.452
2012-05-27 15:52:01,32.893
2012-05-27 15:54:01,31.896
2012-05-27 15:56:01,33.392
2012-05-27 15:58:01,34.763
2012-05-27 16:00:01,35.636
2012-05-27 16:02:01,35.76
2012-05-27 16:04:01,35.262
2012-05-27 16:06:01,34.826
2012-05-27 16:08:01,35.511
2012-05-27 16:10:01,34.265
2012-05-27 16:12:01,33.517
2012-05-27 16:14:01,34.888
2012-05-27 16:16:01,35.573
2012-05-27 16:18:01,34.826
2012-05-27 16:20:01,34.327
2012-05-27 16:22:01,32.395
2012-05-27 16:24:01,33.392
2012-05-27 16:26:01,32.27
2012-05-27 16:28:01,33.455
2012-05-27 16:30:01,33.766
2012-05-27 16:32:01,35.386
2012-05-27 16:34:01,35.262
2012-05-27 16:36:01,35.573
2012-05-27 16:38:01,35.823
2012-05-27 16:40:01,36.072
2012-05-27 16:42:01,36.695
2012-05-27 16:44:01,37.566
2012-05-27 16:46:01,36.881
2012-05-27 16:48:01,35.2
2012-05-27 16:50:01,33.829
2012-05-27 16:52:01,34.639
2012-05-27 16:54:01,35.511
2012-05-27 16:56:01,35.823
2012-05-27 16:58:01,36.321
2012-05-27 17:00:01,36.445
2012-05-27 17:02:01,36.321
2012-05-27 17:04:01,36.383
2012-05-27 17:06:01,34.763
2012-05-27 17:08:01,34.826
2012-05-27 17:10:01,35.823
2012-05-27 17:12:01,36.009
2012-05-27 17:14:01,36.819
2012-05-27 17:16:01,36.57
2012-05-27 17:18:01,34.826
2012-05-27 17:20:01,33.642
2012-05-27 17:22:01,32.956
2012-05-27 17:24:01,33.392
2012-05-27 17:26:01,34.701
2012-05-27 17:28:01,35.449
2012-05-27 17:30:01,36.134
2012-05-27 17:32:01,36.445
2012-05-27 17:34:01,35.262
2012-05-27 17:36:01,33.704
2012-05-27 17:38:01,34.701
2012-05-27 17:40:01,32.893
2012-05-27 17:42:01,31.771
2012-05-27 17:44:01,32.831
2012-05-27 17:46:01,33.455
2012-05-27 17:48:01,33.891
2012-05-27 17:50:01,34.265
2012-05-27 17:52:01,34.514
2012-05-27 17:54:01,34.016
2012-05-27 17:56:01,32.519
2012-05-27 17:58:01,32.27
2012-05-27 18:00:01,33.267
2012-05-27 18:02:01,34.701
2012-05-27 18:04:01,35.075
2012-05-27 18:06:01,35.449
2012-05-27 18:08:01,35.511
2012-05-27 18:10:01,35.573
2012-05-27 18:12:01,35.262
2012-05-27 18:14:01,33.642
2012-05-27 18:16:01,32.457
2012-05-27 18:18:01,31.459
2012-05-27 18:20:01,30.586
2012-05-27 18:22:01,32.893
2012-05-27 18:24:01,35.137
2012-05-27 18:26:01,36.383
2012-05-27 18:28:01,37.068
2012-05-27 18:30:01,37.442
2012-05-27 18:32:01,36.134
2012-05-27 18:34:01,34.14
2012-05-27 18:36:01,32.769
2012-05-27 18:38:01,32.519
2012-05-27 18:40:01,32.956
2012-05-27 18:42:01,33.642
2012-05-27 18:44:01,34.327
2012-05-27 18:46:01,34.826
2012-05-27 18:48:01,34.95
2012-05-27 18:50:01,34.95
2012-05-27 18:52:01,33.953
2012-05-27 18:54:01,32.644
2012-05-27 18:56:01,34.389
2012-05-27 18:58:01,34.265
2012-05-27 19:00:01,32.644
2012-05-27 19:02:01,33.143
2012-05-27 19:04:01,35.698
2012-05-27 19:06:01,35.573
2012-05-27 19:08:01,35.511
2012-05-27 19:10:01,35.449
2012-05-27 19:12:01,35.386
2012-05-27 19:14:01,35.075
2012-05-27 19:16:01,33.018
2012-05-27 19:18:01,31.459
2012-05-27 19:20:01,33.392
2012-05-27 19:22:01,36.632
2012-05-27 19:24:01,36.009
2012-05-27 19:26:01,35.698
2012-05-27 19:28:01,34.514
2012-05-27 19:30:01,33.018
2012-05-27 19:32:01,34.95
2012-05-27 19:34:01,36.009
2012-05-27 19:36:01,36.57
2012-05-27 19:38:01,36.819
2012-05-27 19:40:01,34.327
2012-05-27 19:42:01,32.457
2012-05-27 19:44:01,33.205
2012-05-27 19:46:01,35.636
2012-05-27 19:48:01,35.76
2012-05-27 19:50:01,35.947
2012-05-27 19:52:01,35.885
2012-05-27 19:54:01,34.202
2012-05-27 19:56:01,31.272
2012-05-27 19:58:01,29.899
2012-05-27 20:00:01,31.272
2012-05-27 20:02:01,32.395
2012-05-27 20:04:01,33.517
2012-05-27 20:06:01,34.452
2012-05-27 20:08:01,33.829
2012-05-27 20:10:01,34.701
2012-05-27 20:12:01,34.514
2012-05-27 20:14:01,34.265
2012-05-27 20:16:01,34.265
2012-05-27 20:18:01,34.327
2012-05-27 20:20:01,34.078
2012-05-28 04:58:01,34.265
2012-05-28 05:00:01,34.452
2012-05-28 05:02:01,34.888
2012-05-28 05:04:01,34.888
2012-05-28 05:06:01,34.639
2012-05-28 05:08:01,34.639
2012-05-28 05:10:01,34.389
2012-05-28 05:12:01,34.14
2012-05-28 05:14:01,34.389
2012-05-28 05:16:01,34.888
2012-05-28 05:18:01,35.2
2012-05-28 05:20:01,35.573
2012-05-28 05:22:01,35.137
2012-05-28 05:24:01,34.95
2012-05-28 05:26:01,35.013
2012-05-28 05:28:01,34.701
2012-05-28 05:30:01,34.327
2012-05-28 05:32:01,34.14
2012-05-28 05:34:01,34.078
2012-05-28 05:36:01,34.016
2012-05-28 05:38:01,35.573
2012-05-28 05:40:01,36.57
2012-05-28 05:42:01,35.573
2012-05-28 05:44:01,35.947
